Model,MAE,RMSE,R²
Prophet,53.89138783215952,66.04110349247296,-0.6081689293778598
ARIMA,41.342403002144565,55.96524504452026,-0.15488793329020423
Random Forest,48.23170258086735,66.76836445419593,-0.6437830591729015
